id,source,requirement,category
ARCH-001,Final Technology Stack,Use locked TypeScript/Next.js/Fastify/PostgreSQL/Prisma/MinIO/Redis/BullMQ stack,ARCHITECTURE
ARCH-002,Modular Monolith,Every business feature has one owning domain module,ARCHITECTURE
ARCH-003,Module Boundaries,No direct Prisma in routes/controllers; no cross-module repositories/private services,ARCHITECTURE
ARCH-004,Cross-Module,Synchronous collaboration uses public facade,ARCHITECTURE
ARCH-005,Transactions,Critical consistency effects remain in one DB transaction,ARCHITECTURE
TENANT-001,Tenant Isolation,organizationId comes from authenticated membership context,SECURITY
TENANT-002,Branch Scope,Services enforce branch/resource/ownership/assignment scope,SECURITY
AUDIT-001,Audit,Critical mutations produce stable business audit events,SECURITY
API-001,Base Contract,REST base path is /api/v1,API
API-002,Responses,Standard data/meta and error envelopes are preserved,API
API-003,State Commands,Workflow transitions use explicit command endpoints,API
API-004,Versioning,Breaking changes require /v2 or controlled compatibility migration,API
DB-001,Keys,UUID PKs + human business numbers separated,DATABASE
DB-002,Money,"DECIMAL/NUMERIC, never float",DATABASE
DB-003,Ledgers,Stock/journal/audit are append-only or reversal based,DATABASE
DB-004,Concurrency,"Transactions, constraints, locks/version fields protect inventory/approval races",DATABASE
STORE-001,Storage Boundary,Business modules access MinIO only through StorageService,STORAGE
QUEUE-001,Queue Scope,Queues only for non-critical side effects/integrations,EVENTING
SEC-001,Auth,"Strong hashing, MFA baseline, session revocation, rate limiting",SECURITY
SEC-002,Validation,Zod + allowlisted filtering/sorting + bounded pagination,SECURITY
SEC-003,Uploads,Private by default; type/size/content validation,SECURITY
TEST-001,Testing,Unit/repository/API/workflow/E2E/security/migration/performance/backup-restore coverage,TESTING
OPS-001,Deployment,web/api/worker/postgres/redis/minio/nginx Compose topology,OPERATIONS
OPS-002,CI/CD,Install → quality → tests → security → DB validation → build → container checks → deploy → smoke,OPERATIONS
DOD-001,Definition of Done,"CRUD alone is not done; permissions, tenant, validation, state, audit, transactions, tests, docs, errors, migrations/indexes, logging required",DOD
FUNC-001,Functional §1,Project Overview,FUNCTIONAL_BASELINE
FUNC-002,Functional §2,Target Organizations,FUNCTIONAL_BASELINE
FUNC-003,Functional §3,Core Business Scenario,FUNCTIONAL_BASELINE
FUNC-004,Functional §4,System Architecture Concept,FUNCTIONAL_BASELINE
FUNC-005,Functional §5,Multi-Company and Multi-Branch Architecture,FUNCTIONAL_BASELINE
FUNC-006,Functional §6,Organization Management Module,FUNCTIONAL_BASELINE
FUNC-007,Functional §7,Identity and Access Management,FUNCTIONAL_BASELINE
FUNC-008,Functional §8,Role-Based Access Control,FUNCTIONAL_BASELINE
FUNC-009,Functional §9,Employee and HR Management,FUNCTIONAL_BASELINE
FUNC-010,Functional §10,Attendance Management,FUNCTIONAL_BASELINE
FUNC-011,Functional §11,Leave Management,FUNCTIONAL_BASELINE
FUNC-012,Functional §12,Payroll,FUNCTIONAL_BASELINE
FUNC-013,Functional §13,Customer Management,FUNCTIONAL_BASELINE
FUNC-014,Functional §14,Sales and Opportunity Management,FUNCTIONAL_BASELINE
FUNC-015,Functional §15,Site Survey Module,FUNCTIONAL_BASELINE
FUNC-016,Functional §16,Quotation Management,FUNCTIONAL_BASELINE
FUNC-017,Functional §17,Contract Management,FUNCTIONAL_BASELINE
FUNC-018,Functional §18,Project Management,FUNCTIONAL_BASELINE
FUNC-019,Functional §19,Project Task Management,FUNCTIONAL_BASELINE
FUNC-020,Functional §20,Project Milestones,FUNCTIONAL_BASELINE
FUNC-021,Functional §21,Bill of Materials,FUNCTIONAL_BASELINE
FUNC-022,Functional §22,Procurement Management,FUNCTIONAL_BASELINE
FUNC-023,Functional §23,Purchase Request,FUNCTIONAL_BASELINE
FUNC-024,Functional §24,RFQ Management,FUNCTIONAL_BASELINE
FUNC-025,Functional §25,Supplier Quotation Comparison,FUNCTIONAL_BASELINE
FUNC-026,Functional §26,Vendor Management,FUNCTIONAL_BASELINE
FUNC-027,Functional §27,Purchase Orders,FUNCTIONAL_BASELINE
FUNC-028,Functional §28,Goods Receiving,FUNCTIONAL_BASELINE
FUNC-029,Functional §29,Inventory Management,FUNCTIONAL_BASELINE
FUNC-030,Functional §30,Multiple Warehouses,FUNCTIONAL_BASELINE
FUNC-031,Functional §31,Stock Transactions,FUNCTIONAL_BASELINE
FUNC-032,Functional §32,Serial Number Tracking,FUNCTIONAL_BASELINE
FUNC-033,Functional §33,Batch and Lot Tracking,FUNCTIONAL_BASELINE
FUNC-034,Functional §34,Stock Reservation,FUNCTIONAL_BASELINE
FUNC-035,Functional §35,Reorder Levels,FUNCTIONAL_BASELINE
FUNC-036,Functional §36,Asset Management,FUNCTIONAL_BASELINE
FUNC-037,Functional §37,Asset Lifecycle,FUNCTIONAL_BASELINE
FUNC-038,Functional §38,QR Asset Tracking,FUNCTIONAL_BASELINE
FUNC-039,Functional §39,Customer Site Management,FUNCTIONAL_BASELINE
FUNC-040,Functional §40,Preventive Maintenance,FUNCTIONAL_BASELINE
FUNC-041,Functional §41,Corrective Maintenance,FUNCTIONAL_BASELINE
FUNC-042,Functional §42,Helpdesk and Ticketing,FUNCTIONAL_BASELINE
FUNC-043,Functional §43,SLA Management,FUNCTIONAL_BASELINE
FUNC-044,Functional §44,Work Order Management,FUNCTIONAL_BASELINE
FUNC-045,Functional §45,Technician Management,FUNCTIONAL_BASELINE
FUNC-046,Functional §46,Technician Spare-Part Inventory,FUNCTIONAL_BASELINE
FUNC-047,Functional §47,Field Service Report,FUNCTIONAL_BASELINE
FUNC-048,Functional §48,Warranty Management,FUNCTIONAL_BASELINE
FUNC-049,Functional §49,RMA / Equipment Return Management,FUNCTIONAL_BASELINE
FUNC-050,Functional §50,Financial Management,FUNCTIONAL_BASELINE
FUNC-051,Functional §51,Customer Invoice,FUNCTIONAL_BASELINE
FUNC-052,Functional §52,Supplier Invoice,FUNCTIONAL_BASELINE
FUNC-053,Functional §53,Expense Management,FUNCTIONAL_BASELINE
FUNC-054,Functional §54,Project Costing,FUNCTIONAL_BASELINE
FUNC-055,Functional §55,Budget Management,FUNCTIONAL_BASELINE
FUNC-056,Functional §56,Approval Engine,FUNCTIONAL_BASELINE
FUNC-057,Functional §57,Workflow Engine,FUNCTIONAL_BASELINE
FUNC-058,Functional §58,Document Management,FUNCTIONAL_BASELINE
FUNC-059,Functional §59,Document Expiry Management,FUNCTIONAL_BASELINE
FUNC-060,Functional §60,Customer Portal,FUNCTIONAL_BASELINE
FUNC-061,Functional §61,Vendor Portal,FUNCTIONAL_BASELINE
FUNC-062,Functional §62,Notification Centre,FUNCTIONAL_BASELINE
FUNC-063,Functional §63,Audit Trail,FUNCTIONAL_BASELINE
FUNC-064,Functional §64,Maker-Checker Control,FUNCTIONAL_BASELINE
FUNC-065,Functional §65,Fraud and Control Rules,FUNCTIONAL_BASELINE
FUNC-066,Functional §66,Dashboard System,FUNCTIONAL_BASELINE
FUNC-067,Functional §67,Reporting System,FUNCTIONAL_BASELINE
FUNC-068,Functional §68,Global Search,FUNCTIONAL_BASELINE
FUNC-069,Functional §69,Activity Timeline,FUNCTIONAL_BASELINE
FUNC-070,Functional §70,Comments and Internal Notes,FUNCTIONAL_BASELINE
FUNC-071,Functional §71,Internal Task Management,FUNCTIONAL_BASELINE
FUNC-072,Functional §72,Calendar,FUNCTIONAL_BASELINE
FUNC-073,Functional §73,Business Rules Engine,FUNCTIONAL_BASELINE
FUNC-074,Functional §74,Scheduled Jobs,FUNCTIONAL_BASELINE
FUNC-075,Functional §75,Recurring Contracts and Billing,FUNCTIONAL_BASELINE
FUNC-076,Functional §76,Subscription / Service Package Management,FUNCTIONAL_BASELINE
FUNC-077,Functional §77,Asset Depreciation,FUNCTIONAL_BASELINE
FUNC-078,Functional §78,Fixed Asset Management,FUNCTIONAL_BASELINE
FUNC-079,Functional §79,Fleet Management,FUNCTIONAL_BASELINE
FUNC-080,Functional §80,Tool Management,FUNCTIONAL_BASELINE
FUNC-081,Functional §81,Safety and Incident Management,FUNCTIONAL_BASELINE
FUNC-082,Functional §82,Quality Inspection,FUNCTIONAL_BASELINE
FUNC-083,Functional §83,Customer Handover,FUNCTIONAL_BASELINE
FUNC-084,Functional §84,Knowledge Base,FUNCTIONAL_BASELINE
FUNC-085,Functional §85,Custom Fields,FUNCTIONAL_BASELINE
FUNC-086,Functional §86,Custom Statuses,FUNCTIONAL_BASELINE
FUNC-087,Functional §87,Localization,FUNCTIONAL_BASELINE
FUNC-088,Functional §88,Data Import and Export,FUNCTIONAL_BASELINE
FUNC-089,Functional §89,Backup and Restore,FUNCTIONAL_BASELINE
FUNC-090,Functional §90,System Health Dashboard,FUNCTIONAL_BASELINE
FUNC-091,Functional §91,API Integration Layer,FUNCTIONAL_BASELINE
FUNC-092,Functional §92,Webhook System,FUNCTIONAL_BASELINE
FUNC-093,Functional §93,Mobile / PWA Application,FUNCTIONAL_BASELINE
FUNC-094,Functional §94,Offline Field Mode,FUNCTIONAL_BASELINE
FUNC-095,Functional §95,Security Features,FUNCTIONAL_BASELINE
FUNC-096,Functional §96,Data Isolation,FUNCTIONAL_BASELINE
FUNC-101,Functional §101,Recommended Development Phases,FUNCTIONAL_BASELINE
FUNC-102,Functional §102,Final Navigation Structure,FUNCTIONAL_BASELINE
FUNC-103,Functional §103,What Makes NEXORA Different,FUNCTIONAL_BASELINE
FUNC-104,Functional §104,Professional Portfolio Description,FUNCTIONAL_BASELINE
FUNC-105,Functional §105,Recommended Core Scope,FUNCTIONAL_BASELINE
FUNC-106,Functional §106,Final Vision,FUNCTIONAL_BASELINE
ADD-01,Appendix F.1,Number Sequence Management,COMMERCIAL_COMPLETENESS
ADD-02,Appendix F.1,Vendor Onboarding & Vendor Risk,COMMERCIAL_COMPLETENESS
ADD-03,Appendix F.1,Physical Stock Count / Cycle Count,COMMERCIAL_COMPLETENESS
ADD-04,Appendix F.1,Landed Cost & Inventory Valuation,COMMERCIAL_COMPLETENESS
ADD-05,Appendix F.1,Tax Engine,COMMERCIAL_COMPLETENESS
ADD-06,Appendix F.1,Bank & Cash Management,COMMERCIAL_COMPLETENESS
ADD-07,Appendix F.1,Purchase Contracts / Blanket Purchase Orders,COMMERCIAL_COMPLETENESS
ADD-08,Appendix F.1,Data Import Wizard & Data Quality,COMMERCIAL_COMPLETENESS
ADD-09,Appendix F.1,Communication Log,COMMERCIAL_COMPLETENESS
ADD-10,Appendix F.1,Technician GPS & Visit Verification,COMMERCIAL_COMPLETENESS
ADD-11,Appendix F.1,Custom Report Builder,COMMERCIAL_COMPLETENESS
ADD-12,Appendix F.1,Feature Flags & Module Configuration,COMMERCIAL_COMPLETENESS
ADD-13,Appendix F.1,SaaS Subscription & Tenant Billing,COMMERCIAL_COMPLETENESS
